{
 "jela": [
    {
        "id": 0,
        "ime": "Pica",
        "slika": "/assets/images/pica.jpg",
        "kategorija": "glavno",
        "izabran": true,
        "oznaka": "Toplo",
        "cena": "119.99",
        "opis": " Specijalitet italijanske kuhinje, napravljen od tankog, okruglog testa na kome se pored paradajz sosa mogu naći razne vrste sira, mesa, povrća, voća, začina i drugih sastojaka prema ukusu.",
        "komentari": [{
          "rejting": 5,
          "komentar": "Neverovatna nacionalna hrana, lepa domaća muzika.",
          "autor": "Jovan Popović",
          "datum": "2020-10-16T17:57:28.556094Z"
      },
      {
          "rejting": 4,
          "komentar": "Savršenstvo",
          "autor": "Petra Marić",
          "datum": "2019-09-05T17:57:28.556094Z"
      },
      {
         "rejting": 3,
         "komentar": "Jedi, samo jedi!",
         "autor": "Mihajlo Simić",
         "datum": "2017-02-13T17:57:28.556094Z"
      },
      {
         "rejting": 5,
         "komentar": "Vrhunska hrana!",
         "autor": "Riki Pantović",
         "datum": "2019-12-02T17:57:28.556094Z"
      },
      {
         "rejting": 2,
         "komentar": "Odlična lokacija, ali hrana nije za pohvalu.",
         "autor": "Kaja Radić",
         "datum": "2020-12-02T17:57:28.556094Z"
      }
    ]
  },
  {
    "id": 1,
    "ime": "Salate",
    "slika": "/assets/images/salate.jpg",
    "kategorija": "predjelo",
    "izabran": false,
    "oznaka": "Hladno",
    "cena": "150.00",
    "opis": "Obično se jede kao prilog uz glavno jelo, a ređe samostalno (npr. voćna salata). Najčešće se pravi od sirovog povrća.",
    "komentari": [{
        "rejting": 5,
        "komentar": "Neverovatna nacionalna hrana, lepa domaća muzika.",
        "autor": "Jovan Popović",
        "datum": "2020-10-16T17:57:28.556094Z"
    },
    {
        "rejting": 4,
        "komentar": "Savršenstvo",
        "autor": "Petra Marić",
        "datum": "2019-09-05T17:57:28.556094Z"
    },
    {
       "rejting": 3,
       "komentar": "Jedi, samo jedi!",
       "autor": "Mihajlo Simić",
       "datum": "2017-02-13T17:57:28.556094Z"
    },
    {
       "rejting": 5,
       "komentar": "Vrhunska hrana!",
       "autor": "Riki Pantović",
       "datum": "2019-12-02T17:57:28.556094Z"
    },
    {
       "rejting": 2,
       "komentar": "Odlična lokacija, ali hrana nije za pohvalu.",
       "autor": "Kaja Radić",
       "datum": "2020-12-02T17:57:28.556094Z"
    }
  ]
},
{
    "id": 2,
    "ime": "Makarone",
    "slika": "/assets/images/makarone.png",
    "kategorija": "glavno",
    "izabran": false,
    "oznaka": "Toplo",
    "cena": "219.99",
    "opis": "Al dente – testenina skuvana tako da se oseti pod zubima, idealan je način da se makarone pripreme kao salata.",
    "komentari": [{
      "rejting": 5,
      "komentar": "Neverovatna nacionalna hrana, lepa domaća muzika.",
      "autor": "Jovan Popović",
      "datum": "2020-10-16T17:57:28.556094Z"
  },
  {
      "rejting": 4,
      "komentar": "Savršenstvo",
      "autor": "Petra Marić",
      "datum": "2019-09-05T17:57:28.556094Z"
  },
  {
     "rejting": 3,
     "komentar": "Jedi, samo jedi!",
     "autor": "Mihajlo Simić",
     "datum": "2017-02-13T17:57:28.556094Z"
  },
  {
     "rejting": 5,
     "komentar": "Vrhunska hrana!",
     "autor": "Riki Pantović",
     "datum": "2019-12-02T17:57:28.556094Z"
  },
  {
     "rejting": 2,
     "komentar": "Odlična lokacija, ali hrana nije za pohvalu.",
     "autor": "Kaja Radić",
     "datum": "2020-12-02T17:57:28.556094Z"
  }
]
},
{
  "id": 3,
  "ime": "Krofne",
  "slika": "/assets/images/krofne.jpg",
  "kategorija": "dezert",
  "izabran": false,
  "oznaka": "Toplo",
  "cena": "69.99",
  "opis": "Njeno veličanstvo krofna. Veoma rado viđen gost, omiljena i među mladima i među starima. Već generacijama se prenosi kao nasledstvo. Fantastično mekane, a iznutra potpuno šuplje.",
  "komentari": [{
      "rejting": 5,
      "komentar": "Neverovatna nacionalna hrana, lepa domaća muzika.",
      "autor": "Jovan Popović",
      "datum": "2020-10-16T17:57:28.556094Z"
  },
  {
      "rejting": 4,
      "komentar": "Savršenstvo",
      "autor": "Petra Marić",
      "datum": "2019-09-05T17:57:28.556094Z"
  },
  {
     "rejting": 3,
     "komentar": "Jedi, samo jedi!",
     "autor": "Mihajlo Simić",
     "datum": "2017-02-13T17:57:28.556094Z"
  },
  {
     "rejting": 5,
     "komentar": "Vrhunska hrana!",
     "autor": "Riki Pantović",
     "datum": "2019-12-02T17:57:28.556094Z"
  },
  {
     "rejting": 2,
     "komentar": "Odlična lokacija, ali hrana nije za pohvalu.",
     "autor": "Kaja Radić",
     "datum": "2020-12-02T17:57:28.556094Z"
  }
]
},
{
  "id": 4,
  "ime": "Tulumbe",
  "slika": "/assets/images/tulumbe.jpg",
  "kategorija": "dezert",
  "izabran": false,
  "oznaka": "Hladno",
  "cena": "59.99",
  "opis": "Vrsta vrlo slatkog kolača, specifičnog oblika. Rađene su posebnim šablonom, koji im daje zvezdasti oblik u poprečnom preseku. Prvo se prže u ulju, a onda se stave u tečni šerbet.",
  "komentari": [{
      "rejting": 5,
      "komentar": "Neverovatna nacionalna hrana, lepa domaća muzika.",
      "autor": "Jovan Popović",
      "datum": "2020-10-16T17:57:28.556094Z"
  },
  {
      "rejting": 4,
      "komentar": "Savršenstvo",
      "autor": "Petra Marić",
      "datum": "2019-09-05T17:57:28.556094Z"
  },
  {
     "rejting": 3,
     "komentar": "Jedi, samo jedi!",
     "autor": "Mihajlo Simić",
     "datum": "2017-02-13T17:57:28.556094Z"
  },
  {
     "rejting": 5,
     "komentar": "Vrhunska hrana!",
     "autor": "Riki Pantović",
     "datum": "2019-12-02T17:57:28.556094Z"
  },
  {
     "rejting": 2,
     "komentar": "Odlična lokacija, ali hrana nije za pohvalu.",
     "autor": "Kaja Radić",
     "datum": "2020-12-02T17:57:28.556094Z"
  }
]
},
{
  "id": 5,
  "ime": "Jaja",
  "slika": "/assets/images/jaja.jpg",
  "kategorija": "dezert",
  "izabran": false,
  "oznaka": "Toplo",
  "cena": "99.99",
  "opis": "Jaja su namirnice velike biološke ali i hranjive vrednosti.",
  "komentari": [{
      "rejting": 5,
      "komentar": "Neverovatna nacionalna hrana, lepa domaća muzika.",
      "autor": "Jovan Popović",
      "datum": "2020-10-16T17:57:28.556094Z"
  },
  {
      "rejting": 4,
      "komentar": "Savršenstvo",
      "autor": "Petra Marić",
      "datum": "2019-09-05T17:57:28.556094Z"
  },
  {
     "rejting": 3,
     "komentar": "Jedi, samo jedi!",
     "autor": "Mihajlo Simić",
     "datum": "2017-02-13T17:57:28.556094Z"
  },
  {
     "rejting": 5,
     "komentar": "Vrhunska hrana!",
     "autor": "Riki Pantović",
     "datum": "2019-12-02T17:57:28.556094Z"
  },
  {
     "rejting": 2,
     "komentar": "Odlična lokacija, ali hrana nije za pohvalu.",
     "autor": "Kaja Radić",
     "datum": "2020-12-02T17:57:28.556094Z"
  }
]
},
{
  "id": 6,
  "ime": "Pita",
  "slika": "/assets/images/pita.jpg",
  "kategorija": "dezert",
  "izabran": false,
  "oznaka": "Toplo",
  "cena": "50.00",
  "opis": "Slatko ili slano jelo koje se pravi od tanko razvijenog testa i raznog drugog prehrambenog materijala - nadeva (meso, sir, povrće, voće).",
  "komentari": [{
      "rejting": 5,
      "komentar": "Neverovatna nacionalna hrana, lepa domaća muzika.",
      "autor": "Jovan Popović",
      "datum": "2020-10-16T17:57:28.556094Z"
  },
  {
      "rejting": 4,
      "komentar": "Savršenstvo",
      "autor": "Petra Marić",
      "datum": "2019-09-05T17:57:28.556094Z"
  },
  {
     "rejting": 3,
     "komentar": "Jedi, samo jedi!",
     "autor": "Mihajlo Simić",
     "datum": "2017-02-13T17:57:28.556094Z"
  },
  {
     "rejting": 5,
     "komentar": "Vrhunska hrana!",
     "autor": "Riki Pantović",
     "datum": "2019-12-02T17:57:28.556094Z"
  },
  {
     "rejting": 2,
     "komentar": "Odlična lokacija, ali hrana nije za pohvalu.",
     "autor": "Kaja Radić",
     "datum": "2020-12-02T17:57:28.556094Z"
  }
      ]
    }
  ],
  "promocije": [
    {
      "id": 3,
      "ime": "Velika vikend akcija",
      "slika": "/assets/images/krofne.jpg",
      "oznaka": "dezert",
      "cena": "50.00",
      "izabran": true,
      "opis": "Njeno veličanstvo krofna. Veoma rado viđen gost, omiljena i među mladima i među starima. Već generacijama se prenosi kao nasledstvo. Fantastično mekane, a iznutra potpuno šuplje. Samo 50.00 po osobi!"
    }
  ],
  "lideri": [
    {
      "id": 0,
      "ime": "Miljana Ristić",
      "slika": "/assets/images/miljana.png",
      "radnoMesto": "Osnivač restorana",
      "izabran": true,
      "opis": "Dobra hrana nije jedini činilac vrhunskog restorana, potrebno je ukomponovati brojne stvari u jednu kompaktnu celinu kako bi gosti bili zadovoljni. Po meni, dobar restoran prvenstveno mora da ima zanimljiv i kvalitetan ambijent, toplinu u kojoj se gosti osećaju prijatno. "
    },
    {
      "id": 1,
      "ime": "Emilija Ristić",
      "slika": "/assets/images/ema.png",
      "radnoMesto": "Glavni kuvar",
      "izabran": false,
      "opis": "Svoju gastronomsku karijeru naš glavni kuvar Emilija Ristić je otpočela 2005. godine u Beogradu. Ljubav prema gastronomiji i kuvarskom poslu nasledila je od oca koji je najveći deo svoje karijere proveo kao šef kuhinje u porodičnom restoranu M. Kuvarski gen i porodična tradicija zaslužni su što je Emilija tako brzo postala glavni kuvar. Emilija je specijalista za italijansku i domaću (srpsku kuhinju). "
    },
    {
      "id": 2,
      "ime": "Žaklina Ristić",
      "slika": "/assets/images/zaka.png",
      "radnoMesto": "Pomoćnik kuvara",
      "izabran": false,
      "opis": "Veliki je ljubitelj i poznavalac i francuske kuhinje. Desna ruka našeg glavnog kuvara. Svi specijaliteti koji se nalaze u jelovniku restorana M rezultat su znanja, iskustva, umeća našeg pomoćnog kuvara."
    },
    {
      "id": 3,
      "ime": "Stefan Ristić",
      "slika": "/assets/images/stefan.png",
      "radnoMesto": "Menadžer",
      "izabran": false,
      "opis": "Stefan Ristić je menadžer restorana M više od deset godine. Ugostiteljskim poslom počeo je da se bavi daleke 1998. godine, a sada je nezamenljiv u svom poslu!"
    }
  ],
  "info": []
}